"Date","Price","Open","High","Low","Vol.","Change %"
"Aug 26, 2022","72,200","68,700","73,100","68,700","10.85M","5.56%"
"Aug 25, 2022","68,400","67,700","68,700","67,300","5.15M","2.40%"
"Aug 24, 2022","66,800","66,900","67,200","66,300","2.22M","-0.15%"
"Aug 23, 2022","66,900","65,900","67,800","65,900","4.01M","0.60%"
"Aug 22, 2022","66,500","64,600","66,900","64,500","5.86M","3.74%"
"Aug 19, 2022","64,100","64,500","65,400","63,100","2.28M","-0.62%"
"Aug 18, 2022","64,500","65,000","65,800","63,900","4.07M","-0.77%"
"Aug 17, 2022","65,000","66,000","66,400","65,000","2.52M","-1.52%"
"Aug 16, 2022","66,000","65,000","67,000","65,000","3.91M","1.54%"
"Aug 15, 2022","65,000","63,300","65,000","63,000","4.43M","3.17%"
"Aug 12, 2022","63,000","62,900","63,700","62,200","2.42M","0.00%"
"Aug 11, 2022","63,000","64,000","64,200","62,500","2.72M","-0.94%"
"Aug 10, 2022","63,600","63,300","64,300","63,000","1.97M","0.47%"
"Aug 09, 2022","63,300","63,100","63,600","62,900","2.81M","0.64%"
"Aug 08, 2022","62,900","62,700","62,900","62,300","2.49M","0.32%"
"Aug 05, 2022","62,700","62,900","63,500","62,600","2.71M","0.00%"
"Aug 04, 2022","62,700","62,200","63,000","62,100","4.34M","1.46%"
"Aug 03, 2022","61,800","62,000","62,200","61,300","2.66M","-0.32%"
"Aug 02, 2022","62,000","61,800","62,500","61,300","2.12M","1.14%"
"Aug 01, 2022","61,300","61,000","61,900","60,000","3.26M","0.49%"
"Jul 29, 2022","61,000","62,400","62,400","61,000","3.38M","-1.61%"
"Jul 28, 2022","62,000","63,000","63,000","62,000","1.95M","-0.16%"
"Jul 27, 2022","62,100","60,100","63,000","60,100","1.87M","-1.43%"
"Jul 26, 2022","63,000","63,900","63,900","62,800","1.81M","-0.47%"
"Jul 25, 2022","63,300","64,800","65,800","62,700","4.02M","-1.86%"
"Jul 22, 2022","64,500","64,900","66,800","64,200","5.45M","0.62%"
"Jul 21, 2022","64,100","61,200","64,500","61,200","5.00M","4.74%"
"Jul 20, 2022","61,200","59,200","63,000","58,200","7.38M","2.00%"
"Jul 19, 2022","60,000","61,200","61,200","59,500","2.12M","-1.64%"
"Jul 18, 2022","61,000","61,500","62,900","60,200","2.54M","-0.81%"
"Jul 15, 2022","61,500","62,800","63,200","61,500","3.08M","-1.76%"
"Jul 14, 2022","62,600","62,900","64,000","62,300","2.13M","-1.57%"
"Jul 13, 2022","63,600","64,000","64,200","61,900","3.10M","-1.24%"
"Jul 12, 2022","64,400","64,800","64,800","64,000","1.61M","-0.16%"
"Jul 11, 2022","64,500","64,800","64,900","64,000","1.37M","-0.77%"
"Jul 08, 2022","65,000","64,700","66,500","64,400","2.59M","1.56%"
"Jul 07, 2022","64,000","64,100","65,000","63,900","1.59M","0.00%"
"Jul 06, 2022","64,000","65,500","66,300","64,000","2.40M","-2.29%"
"Jul 05, 2022","65,500","67,800","67,800","64,000","3.98M","-3.39%"
"Jul 04, 2022","67,800","70,000","70,100","66,600","5.18M","-3.56%"
"Jul 01, 2022","70,300","71,600","71,600","68,800","3.29M","-1.68%"
"Jun 30, 2022","71,500","73,100","73,100","71,200","2.40M","-2.05%"
"Jun 29, 2022","73,000","72,800","74,000","71,100","3.15M","0.27%"
"Jun 28, 2022","72,800","71,000","72,900","71,000","4.12M","1.82%"
"Jun 27, 2022","71,500","71,700","72,500","71,100","3.16M","-0.56%"
"Jun 24, 2022","71,900","73,500","73,500","71,400","2.72M","-0.83%"
"Jun 23, 2022","72,500","70,000","73,500","69,800","4.91M","3.87%"
"Jun 22, 2022","69,800","75,600","75,600","69,200","3.82M","-5.03%"
"Jun 21, 2022","73,500","75,000","75,800","71,000","3.37M","-0.54%"
"Jun 20, 2022","73,900","78,000","78,000","73,600","4.48M","-4.89%"
"Jun 17, 2022","77,700","79,000","79,000","76,300","3.50M","-1.65%"
"Jun 16, 2022","79,000","79,000","79,000","77,600","6.04M","6.97%"
"Jun 15, 2022","73,850","72,500","73,850","72,000","5.12M","2.93%"
"Jun 14, 2022","71,750","69,250","72,150","69,000","3.21M","2.50%"
"Jun 13, 2022","70,000","72,500","73,750","70,000","6.46M","-6.67%"
"Jun 10, 2022","75,000","77,000","77,500","75,000","3.88M","-1.83%"
"Jun 09, 2022","76,400","76,700","77,500","75,650","2.26M","-0.39%"
"Jun 08, 2022","76,700","77,150","78,950","76,700","4.15M","0.26%"
"Jun 07, 2022","76,500","77,000","77,000","74,500","3.69M","-0.46%"
"Jun 06, 2022","76,850","76,502","77,744","76,502","3.78M","0.98%"
"Jun 03, 2022","76,105","73,373","76,651","73,373","3.34M","3.72%"
"Jun 02, 2022","73,373","72,777","74,764","72,280","3.61M","1.51%"
"Jun 01, 2022","72,280","71,982","73,025","71,535","2.12M","0.41%"
"May 31, 2022","71,982","72,131","72,131","71,038","1.48M","-0.21%"
"May 30, 2022","72,131","72,876","73,273","71,237","2.52M","-1.02%"
"May 27, 2022","72,876","69,150","72,975","69,150","5.10M","5.54%"
"May 26, 2022","69,051","69,548","69,796","67,560","1.43M","0.00%"
"May 25, 2022","69,051","66,766","70,293","66,567","3.12M","4.51%"
"May 24, 2022","66,070","65,027","66,070","64,481","1.16M","1.68%"
"May 23, 2022","64,977","67,064","67,064","64,580","1.08M","-2.39%"
"May 20, 2022","66,567","65,822","67,461","65,573","1.74M","0.75%"
"May 19, 2022","66,070","64,580","66,319","64,232","1.68M","-0.37%"
"May 18, 2022","66,319","65,424","66,418","64,481","1.61M","1.44%"
"May 17, 2022","65,375","62,046","65,375","60,606","2.11M","6.99%"
"May 16, 2022","61,103","65,822","65,822","60,208","2.67M","-1.68%"
"May 13, 2022","62,146","66,766","67,113","62,146","5.49M","-6.92%"
"May 12, 2022","66,766","69,498","69,498","66,766","3.41M","-4.68%"
"May 11, 2022","70,044","69,647","70,044","68,157","2.33M","0.64%"
"May 10, 2022","69,597","67,064","69,597","66,070","3.64M","2.71%"
"May 09, 2022","67,759","71,634","71,684","67,759","5.39M","-6.96%"
"May 06, 2022","72,826","72,777","73,969","72,578","2.17M","-1.87%"
"May 05, 2022","74,217","74,764","74,764","72,081","2.34M","-0.07%"
"May 04, 2022","74,267","74,515","75,260","73,770","2.30M","0.20%"
"Apr 29, 2022","74,118","72,131","74,515","72,131","3.48M","2.90%"
"Apr 28, 2022","72,031","73,273","74,018","71,932","3.05M","-1.49%"
"Apr 27, 2022","73,124","72,528","73,273","71,038","3.44M","-1.08%"
"Apr 26, 2022","73,919","70,044","74,962","69,051","5.44M","2.69%"
"Apr 25, 2022","71,982","76,502","77,148","71,982","7.42M","-7.00%"
"Apr 22, 2022","77,397","77,794","77,993","72,081","8.10M","0.19%"
"Apr 21, 2022","77,247","76,602","78,241","76,353","4.61M","-0.32%"
"Apr 20, 2022","77,496","77,049","79,185","76,403","3.80M","0.00%"
"Apr 19, 2022","77,496","79,334","80,029","76,999","6.57M","-2.62%"
"Apr 18, 2022","79,582","79,980","80,476","79,036","5.23M","0.00%"
"Apr 15, 2022","79,582","78,241","80,427","78,092","4.68M","0.44%"
"Apr 14, 2022","79,235","77,595","80,874","76,999","5.85M","2.11%"
"Apr 13, 2022","77,595","75,012","77,993","74,764","6.81M","2.29%"
"Apr 12, 2022","75,857","74,515","75,857","72,528","5.29M","1.80%"
"Apr 08, 2022","74,515","76,999","76,999","74,515","4.41M","-3.23%"
"Apr 07, 2022","76,999","79,384","79,533","76,304","6.20M","-2.39%"
"Apr 06, 2022","78,887","76,502","80,476","76,204","5.96M","2.32%"
"Apr 05, 2022","77,098","76,254","77,794","76,006","2.52M","0.13%"
"Apr 04, 2022","76,999","78,738","78,837","76,999","2.80M","-0.64%"
"Apr 01, 2022","77,496","73,273","77,496","73,075","8.26M","7.00%"
"Mar 31, 2022","72,429","71,535","73,770","70,789","3.60M","0.97%"
"Mar 30, 2022","71,733","72,280","72,975","69,597","3.39M","-1.43%"
"Mar 29, 2022","72,777","72,280","74,168","71,535","4.68M","1.74%"
"Mar 28, 2022","71,535","69,150","71,584","69,001","7.67M","3.67%"
"Mar 25, 2022","69,001","66,915","69,746","66,418","7.57M","3.66%"
"Mar 24, 2022","66,567","67,064","67,064","66,070","1.83M","-0.74%"
"Mar 23, 2022","67,064","66,915","67,759","66,865","1.59M","-0.15%"
"Mar 22, 2022","67,163","67,064","67,560","66,368","2.09M","0.22%"
"Mar 21, 2022","67,014","65,573","67,014","65,325","1.84M","2.51%"
"Mar 18, 2022","65,375","64,977","65,474","64,977","1.58M","0.61%"
"Mar 17, 2022","64,977","65,474","65,573","64,977","1.38M","-0.46%"
"Mar 16, 2022","65,275","65,176","65,573","64,580","2.11M","0.00%"
"Mar 15, 2022","65,275","64,928","65,275","64,083","2.01M","-0.23%"
"Mar 14, 2022","65,424","65,623","65,971","64,332","2.45M","-0.98%"
"Mar 11, 2022","66,070","66,269","66,269","65,573","1.31M","-0.37%"
"Mar 10, 2022","66,319","66,567","66,567","65,871","1.77M","-0.22%"
"Mar 09, 2022","66,468","66,617","66,617","65,822","2.30M","-0.30%"
"Mar 08, 2022","66,666","66,567","66,815","65,772","3.99M","0.00%"
"Mar 07, 2022","66,666","66,815","67,064","66,567","2.29M","-1.18%"
"Mar 04, 2022","67,461","67,809","67,859","66,865","2.15M","-0.51%"
"Mar 03, 2022","67,809","67,064","67,809","66,368","2.12M","1.49%"
"Mar 02, 2022","66,815","67,461","67,461","66,567","3.34M","-1.10%"
"Mar 01, 2022","67,560","68,008","68,057","67,113","2.42M","0.00%"
"Feb 28, 2022","67,560","67,809","68,554","67,312","3.60M","-1.16%"
"Feb 25, 2022","68,355","68,008","69,448","67,560","5.38M","0.58%"
"Feb 24, 2022","67,958","68,057","68,405","67,312","2.35M","-0.73%"
"Feb 23, 2022","68,455","68,405","69,846","68,008","3.22M","0.07%"
"Feb 22, 2022","68,405","66,070","69,150","65,772","6.55M","2.84%"
"Feb 21, 2022","66,517","65,822","67,014","65,822","1.22M","-0.07%"
"Feb 18, 2022","66,567","65,623","66,567","65,623","935.60K","-0.37%"
"Feb 17, 2022","66,815","65,573","66,815","65,524","2.06M","1.20%"
"Feb 16, 2022","66,021","66,666","66,666","65,375","1.12M","-0.30%"
"Feb 15, 2022","66,219","65,921","66,517","65,325","1.14M","0.98%"
"Feb 14, 2022","65,573","66,517","67,064","65,573","1.91M","-2.44%"
"Feb 11, 2022","67,213","67,064","67,560","67,064","1.08M","-0.73%"
"Feb 10, 2022","67,710","68,057","68,157","66,815","1.81M","-0.51%"
"Feb 09, 2022","68,057","67,710","68,306","67,560","2.41M","0.51%"
"Feb 08, 2022","67,710","66,517","67,958","66,517","2.90M","1.79%"
"Feb 07, 2022","66,517","66,070","67,411","66,070","1.86M","1.06%"
"Jan 28, 2022","65,822","65,226","65,822","64,431","1.43M","0.76%"
"Jan 27, 2022","65,325","65,027","65,722","64,182","1.06M","-0.30%"
"Jan 26, 2022","65,524","65,077","65,524","64,083","1.91M","0.69%"
"Jan 25, 2022","65,077","64,481","65,077","63,388","1.61M","0.85%"
"Jan 24, 2022","64,530","65,673","66,170","64,530","1.74M","-2.48%"
"Jan 21, 2022","66,170","66,567","66,567","65,226","1.31M","-0.60%"
"Jan 20, 2022","66,567","66,070","66,567","65,623","1.79M","0.37%"
"Jan 19, 2022","66,319","64,679","66,567","64,580","1.91M","2.61%"
"Jan 18, 2022","64,630","64,083","65,573","63,884","1.63M","0.08%"
"Jan 17, 2022","64,580","66,070","66,517","64,580","1.63M","-2.99%"
"Jan 14, 2022","66,567","67,064","67,064","66,170","936.80K","-1.11%"
"Jan 13, 2022","67,312","67,809","67,809","65,573","1.85M","-0.37%"
"Jan 12, 2022","67,560","65,474","67,560","64,580","1.86M","3.19%"
"Jan 11, 2022","65,474","66,070","66,815","65,424","1.55M","-0.90%"
"Jan 10, 2022","66,070","67,312","67,312","66,070","1.85M","-1.85%"
"Jan 07, 2022","67,312","68,306","68,306","67,312","1.84M","-1.45%"
"Jan 06, 2022","68,306","68,107","68,951","67,809","1.54M","0.29%"
"Jan 05, 2022","68,107","68,455","69,200","68,107","2.36M","-0.51%"
"Jan 04, 2022","68,455","67,511","69,150","67,014","2.66M","1.40%"
"Dec 31, 2021","67,511","66,716","67,511","66,269","2.26M","1.19%"
"Dec 30, 2021","66,716","66,815","67,262","66,567","1.67M","-0.07%"
"Dec 29, 2021","66,766","66,865","67,560","66,617","1.27M","-1.03%"
"Dec 28, 2021","67,461","67,312","67,461","66,120","1.49M","0.67%"
"Dec 27, 2021","67,014","66,915","67,262","66,070","1.45M","0.22%"
"Dec 24, 2021","66,865","66,368","66,865","65,822","1.12M","0.75%"
"Dec 23, 2021","66,368","66,964","67,461","65,474","1.87M","-0.89%"
"Dec 22, 2021","66,964","66,368","68,057","66,269","2.60M","1.35%"
"Dec 21, 2021","66,070","66,070","66,070","65,623","947.20K","0.00%"
"Dec 20, 2021","66,070","66,319","66,865","65,822","1.59M","-1.12%"
"Dec 17, 2021","66,815","66,368","67,064","66,120","1.47M","0.67%"
"Dec 16, 2021","66,368","67,560","67,560","66,368","1.62M","-1.69%"
"Dec 15, 2021","67,511","67,262","67,560","66,567","1.20M","0.37%"
"Dec 14, 2021","67,262","66,915","67,560","66,319","1.33M","0.37%"
"Dec 13, 2021","67,014","66,766","67,014","66,567","1.29M","0.60%"
"Dec 10, 2021","66,617","66,120","67,014","66,070","1.41M","0.07%"
"Dec 09, 2021","66,567","66,517","67,064","66,319","1.38M","0.07%"
"Dec 08, 2021","66,517","66,368","67,064","66,070","1.38M","0.30%"
"Dec 07, 2021","66,319","65,275","66,319","65,275","1.33M","1.60%"
"Dec 06, 2021","65,275","66,319","66,319","63,040","3.35M","-1.57%"
"Dec 03, 2021","66,319","67,710","68,057","66,319","2.10M","-2.55%"
"Dec 02, 2021","68,057","68,951","68,951","67,958","1.23M","-1.37%"
"Dec 01, 2021","69,001","67,809","69,548","67,610","2.99M","0.00%"
"Nov 30, 2021","69,001","68,802","69,498","68,008","2.18M","1.02%"
"Nov 29, 2021","68,306","69,001","69,895","68,256","4.74M","-2.83%"
"Nov 26, 2021","70,293","71,932","72,280","70,293","2.52M","-2.41%"
"Nov 25, 2021","72,031","71,584","72,031","70,789","1.69M","0.69%"
"Nov 24, 2021","71,535","71,038","71,535","70,193","2.98M","0.70%"
"Nov 23, 2021","71,038","68,852","71,535","68,604","3.85M","3.17%"
"Nov 22, 2021","68,852","69,548","69,746","68,554","2.23M","-0.29%"
"Nov 19, 2021","69,051","69,548","70,044","67,560","2.76M","0.00%"
"Nov 18, 2021","69,051","68,703","70,293","67,958","4.26M","0.80%"
"Nov 17, 2021","68,504","68,405","68,554","67,660","1.72M","0.00%"
"Nov 16, 2021","68,504","68,554","69,051","67,560","2.98M","-1.08%"
"Nov 15, 2021","69,250","67,710","69,498","67,710","5.26M","2.50%"
"Nov 12, 2021","67,560","67,560","67,560","66,517","2.37M","0.74%"
"Nov 11, 2021","67,064","65,325","67,560","64,828","8.88M","2.66%"
"Nov 10, 2021","65,325","64,580","65,325","64,332","1.53M","1.15%"
"Nov 09, 2021","64,580","65,474","65,573","64,580","2.10M","-1.22%"
"Nov 08, 2021","65,375","65,573","66,070","65,375","2.25M","-0.30%"
"Nov 05, 2021","65,573","66,070","66,070","65,077","3.27M","1.62%"
"Nov 04, 2021","64,530","63,835","64,878","63,586","1.90M","0.85%"
"Nov 03, 2021","63,984","64,033","64,580","63,338","2.81M","-0.08%"
"Nov 02, 2021","64,033","63,835","64,530","63,835","1.73M","-0.85%"
"Nov 01, 2021","64,580","65,325","65,474","64,083","2.28M","-1.07%"
"Oct 29, 2021","65,275","65,325","65,524","65,027","2.69M","-0.45%"
"Oct 28, 2021","65,573","65,226","65,822","63,835","2.38M","0.00%"
"Oct 27, 2021","65,573","63,586","66,021","63,586","4.13M","3.13%"
"Oct 26, 2021","63,586","63,586","63,586","63,040","1.99M","-0.31%"
"Oct 25, 2021","63,785","63,586","64,481","63,586","1.85M","0.63%"
"Oct 22, 2021","63,388","63,735","63,785","63,139","1.85M","0.47%"
"Oct 21, 2021","63,090","64,182","64,580","63,090","2.94M","-1.70%"
"Oct 20, 2021","64,182","64,530","65,077","63,586","2.67M","-0.39%"
"Oct 19, 2021","64,431","64,530","65,077","64,133","2.30M","-0.77%"
"Oct 18, 2021","64,928","65,673","66,021","64,928","2.93M","-1.28%"
"Oct 15, 2021","65,772","66,319","66,418","65,573","1.65M","-0.82%"
"Oct 14, 2021","66,319","66,567","66,964","65,573","3.85M","-0.30%"
"Oct 13, 2021","66,517","65,722","66,666","65,623","3.79M","1.36%"
"Oct 12, 2021","65,623","64,332","65,971","64,332","4.56M","2.01%"
"Oct 11, 2021","64,332","64,033","64,431","63,338","3.50M","0.54%"
"Oct 08, 2021","63,984","63,338","64,332","63,239","3.01M","0.62%"
"Oct 07, 2021","63,586","63,239","63,735","63,239","1.93M","-0.23%"
"Oct 06, 2021","63,735","62,941","64,580","62,792","3.38M","1.18%"
"Oct 05, 2021","62,990","62,593","62,990","62,146","1.88M","0.48%"
"Oct 04, 2021","62,692","62,096","62,692","61,252","4.38M","0.00%"
"Oct 01, 2021","62,692","63,090","63,487","62,593","2.17M","-1.25%"
"Sep 30, 2021","63,487","63,487","64,083","62,941","2.09M","0.00%"
"Sep 29, 2021","63,487","62,990","63,835","62,990","2.42M","0.87%"
"Sep 28, 2021","62,941","61,897","63,090","61,550","2.69M","0.56%"
"Sep 27, 2021","62,593","64,083","64,083","62,593","7.48M","-3.45%"
"Sep 24, 2021","64,828","65,673","66,567","64,630","2.64M","-1.14%"
"Sep 23, 2021","65,573","62,841","66,269","62,841","5.18M","5.01%"
"Sep 22, 2021","62,444","61,599","62,792","61,550","2.59M","1.53%"
"Sep 21, 2021","61,500","60,159","62,344","60,159","2.66M","0.65%"
"Sep 20, 2021","61,103","62,046","63,090","60,308","2.74M","0.00%"
"Sep 17, 2021","61,103","61,401","61,599","60,705","1.84M","-0.49%"
"Sep 16, 2021","61,401","61,848","61,848","61,003","1.56M","-0.80%"
"Sep 15, 2021","61,897","61,351","62,096","61,003","1.46M","0.08%"
"Sep 14, 2021","61,848","61,599","61,997","60,655","2.15M","-0.40%"
"Sep 13, 2021","62,096","59,066","62,096","59,016","4.54M","5.13%"
"Sep 10, 2021","59,066","59,115","59,264","58,172","1.84M","0.00%"
"Sep 09, 2021","59,066","55,539","59,066","55,340","5.09M","6.73%"
"Sep 08, 2021","55,340","54,794","55,340","54,645","1.37M","1.00%"
"Sep 07, 2021","54,794","55,340","55,390","54,645","1.79M","-0.63%"
"Sep 06, 2021","55,141","55,141","55,191","54,893","2.24M","0.73%"
"Sep 01, 2021","54,744","54,794","55,141","54,098","1.34M","-0.72%"
"Aug 31, 2021","55,141","55,141","55,141","54,645","1.26M","0.36%"
"Aug 30, 2021","54,943","55,191","55,787","54,943","2.53M","1.06%"
"Aug 27, 2021","54,369","53,608","54,501","53,608","4.01M","1.54%"
"Aug 26, 2021","53,542","54,170","54,336","53,410","1.85M","0.31%"
"Aug 25, 2021","53,377","53,212","54,203","52,914","1.80M","0.62%"
"Aug 24, 2021","53,047","52,485","53,675","52,253","3.18M","1.52%"
"Aug 23, 2021","52,253","53,873","54,203","52,220","4.86M","-3.60%"
"Aug 20, 2021","54,203","56,847","56,847","54,203","6.11M","-4.93%"
"Aug 19, 2021","57,013","57,013","57,013","56,021","2.36M","0.00%"
"Aug 18, 2021","57,013","55,856","57,343","55,724","2.59M","1.53%"
"Aug 17, 2021","56,153","56,153","56,219","55,492","3.31M","-0.12%"
"Aug 16, 2021","56,219","56,682","56,847","55,525","3.09M","-0.53%"
"Aug 13, 2021","56,517","56,021","56,517","55,327","3.35M","0.59%"
"Aug 12, 2021","56,186","57,343","57,839","56,186","3.52M","-2.86%"
"Aug 11, 2021","57,839","57,508","59,260","57,046","5.01M","0.63%"
"Aug 10, 2021","57,475","57,508","57,575","56,715","2.65M","0.06%"
"Aug 09, 2021","57,442","56,517","57,575","56,021","1.91M","1.34%"
"Aug 06, 2021","56,682","57,178","58,004","56,682","3.10M","-0.87%"
"Aug 05, 2021","57,178","56,054","57,608","55,856","2.97M","1.76%"
"Aug 04, 2021","56,186","56,219","56,484","55,691","2.49M","0.06%"
"Aug 03, 2021","56,153","56,153","56,186","55,525","2.61M","0.00%"
"Aug 02, 2021","56,153","54,203","57,013","54,038","4.90M","3.53%"
"Jul 30, 2021","54,236","53,377","54,501","52,716","5.34M","0.80%"
"Jul 29, 2021","53,807","52,815","53,807","51,559","3.95M","3.63%"
"Jul 28, 2021","51,923","52,154","53,047","51,592","1.37M","-0.57%"
"Jul 27, 2021","52,220","53,542","53,542","51,890","4.43M","-1.43%"
"Jul 26, 2021","52,980","53,014","53,212","52,187","3.42M","-0.87%"
"Jul 23, 2021","53,443","53,906","54,600","53,212","3.67M","-2.12%"
"Jul 22, 2021","54,600","53,708","55,658","53,476","2.95M","1.10%"
"Jul 21, 2021","54,005","54,864","55,063","53,575","1.56M","-0.73%"
"Jul 20, 2021","54,402","52,220","54,402","51,725","3.16M","5.18%"
"Jul 19, 2021","51,725","53,311","53,873","51,725","5.60M","-6.90%"
"Jul 16, 2021","55,558","55,558","55,691","54,864","2.04M","0.60%"
"Jul 15, 2021","55,228","54,501","56,517","53,873","3.31M","0.36%"
"Jul 14, 2021","55,030","57,178","57,475","54,336","4.15M","-4.86%"
"Jul 13, 2021","57,839","58,930","58,930","56,847","1.95M","-0.91%"
"Jul 12, 2021","58,368","58,169","59,128","54,534","5.72M","0.06%"
"Jul 09, 2021","58,335","56,880","59,458","56,781","3.04M","2.32%"
"Jul 08, 2021","57,013","56,847","57,905","55,360","4.76M","4.04%"
"Jul 07, 2021","54,798","52,881","54,798","51,229","4.37M","6.97%"
"Jul 06, 2021","51,229","55,691","56,418","51,229","2.87M","-6.91%"
"Jul 05, 2021","55,030","53,212","55,195","53,212","4.07M","6.19%"
"Jul 02, 2021","51,824","49,907","51,890","49,907","2.89M","3.77%"
"Jul 01, 2021","49,940","50,237","50,402","49,741","2.18M","-0.59%"
"Jun 30, 2021","50,237","48,585","50,865","48,585","3.66M","3.40%"
"Jun 29, 2021","48,585","48,089","48,750","47,924","1.67M","1.03%"
"Jun 28, 2021","48,089","47,758","48,254","47,494","2.01M","1.25%"
"Jun 25, 2021","47,494","47,593","47,924","47,428","2.15M","-0.21%"
"Jun 24, 2021","47,593","47,560","48,254","47,527","1.18M","0.00%"
"Jun 23, 2021","47,593","47,990","48,089","47,593","1.33M","-1.37%"
"Jun 22, 2021","48,254","48,254","48,320","46,106","2.21M","0.14%"
"Jun 21, 2021","48,188","46,469","48,221","46,469","3.54M","3.40%"
"Jun 18, 2021","46,602","46,436","46,767","46,271","1.15M","1.44%"
"Jun 17, 2021","45,941","45,114","47,560","44,949","3.85M","1.46%"
"Jun 16, 2021","45,280","45,544","45,544","45,114","1.50M","-0.65%"
"Jun 15, 2021","45,577","45,643","45,941","45,445","1.31M","-0.14%"
"Jun 14, 2021","45,643","45,610","45,875","45,214","2.22M","0.80%"
"Jun 11, 2021","45,280","44,685","45,280","44,652","2.49M","1.26%"
"Jun 10, 2021","44,718","44,619","45,280","44,619","2.04M","-0.81%"
"Jun 09, 2021","45,081","44,949","45,445","44,619","2.22M","0.29%"
"Jun 08, 2021","44,949","44,949","45,610","44,850","2.15M","-0.07%"
"Jun 07, 2021","44,982","45,445","45,478","44,718","2.05M","-1.02%"
"Jun 04, 2021","45,445","45,941","45,941","45,280","1.85M","-1.08%"
"Jun 03, 2021","45,941","46,205","46,205","45,280","1.78M","0.14%"
"Jun 02, 2021","45,875","44,949","46,271","44,916","1.74M","1.69%"
"Jun 01, 2021","45,114","45,445","45,610","44,619","3.22M","-1.44%"
"May 31, 2021","45,775","46,271","46,767","45,775","3.81M","-2.94%"
"May 28, 2021","47,164","47,064","47,329","46,800","2.23M","0.21%"
"May 27, 2021","47,064","47,891","47,924","46,932","2.54M","-1.73%"
"May 26, 2021","47,891","48,254","48,320","47,758","2.35M","-0.75%"
"May 25, 2021","48,254","48,254","48,419","47,924","2.37M","0.00%"
"May 24, 2021","48,254","47,924","48,419","47,626","1.62M","0.41%"
"May 21, 2021","48,056","48,552","48,915","47,924","2.94M","-3.07%"
"May 20, 2021","49,576","46,503","49,576","46,503","4.23M","5.86%"
"May 19, 2021","46,833","46,602","46,932","46,436","1.80M","0.00%"
"May 18, 2021","46,833","46,767","46,932","46,503","1.78M","0.14%"
"May 17, 2021","46,767","47,428","47,593","46,569","1.61M","-0.70%"
"May 14, 2021","47,097","46,436","47,428","46,337","2.46M","1.79%"
"May 13, 2021","46,271","45,775","46,436","45,775","2.96M","0.36%"
"May 12, 2021","46,106","45,445","46,106","45,412","2.49M","1.45%"
"May 11, 2021","45,445","45,445","46,271","45,412","4.15M","-0.43%"
"May 10, 2021","45,643","46,271","46,271","45,445","5.23M","-1.50%"
"May 07, 2021","46,337","46,602","47,197","46,238","2.77M","-1.27%"
"May 06, 2021","46,932","46,569","47,263","46,403","2.77M","0.78%"
"May 05, 2021","46,569","46,073","47,296","46,007","3.37M","1.08%"
"May 04, 2021","46,073","45,775","46,238","45,610","2.19M","-1.06%"
"Apr 29, 2021","46,569","46,106","46,668","45,643","1.99M","0.64%"
"Apr 28, 2021","46,271","46,271","46,767","45,941","2.98M","-1.34%"
"Apr 27, 2021","46,899","47,097","47,593","46,436","2.45M","-0.42%"
"Apr 26, 2021","47,097","48,717","48,717","47,097","3.81M","-3.39%"
"Apr 23, 2021","48,750","46,932","48,750","46,436","6.60M","3.51%"
"Apr 22, 2021","47,097","47,097","48,915","46,304","7.61M","0.00%"
"Apr 20, 2021","47,097","45,941","47,593","45,775","6.55M","3.71%"
"Apr 19, 2021","45,412","44,619","45,412","43,792","3.61M","2.54%"
"Apr 16, 2021","44,288","43,627","44,685","43,627","2.34M","0.22%"
"Apr 15, 2021","44,189","44,817","45,247","44,189","3.11M","-1.26%"
"Apr 14, 2021","44,751","44,123","44,751","44,123","1.42M","0.37%"
"Apr 13, 2021","44,586","44,685","45,478","44,354","3.70M","0.00%"
"Apr 12, 2021","44,586","44,057","44,619","43,958","2.56M","1.20%"
"Apr 09, 2021","44,057","44,288","44,288","43,891","1.39M","-0.52%"
"Apr 08, 2021","44,288","44,453","44,453","44,123","931.50K","-0.37%"
"Apr 07, 2021","44,453","43,825","44,453","43,660","981.60K","0.90%"
"Apr 06, 2021","44,057","44,123","44,784","43,925","3.11M","-0.60%"
"Apr 05, 2021","44,321","44,949","44,949","44,189","1.09M","-0.52%"
"Apr 02, 2021","44,553","44,916","44,949","44,387","2.39M","0.37%"
"Apr 01, 2021","44,387","42,966","44,453","42,470","3.72M","3.55%"
"Mar 31, 2021","42,867","42,768","43,131","42,503","980.40K","0.23%"
"Mar 30, 2021","42,768","42,999","43,264","42,636","955.80K","-0.54%"
"Mar 29, 2021","42,999","43,098","43,594","42,702","2.61M","0.08%"
"Mar 26, 2021","42,966","42,470","42,966","41,314","1.76M","0.93%"
"Mar 25, 2021","42,569","42,801","43,230","42,536","1.52M","-0.85%"
"Mar 24, 2021","42,933","42,801","43,264","42,338","1.58M","-0.84%"
"Mar 23, 2021","43,297","43,297","43,627","42,966","1.87M","-0.68%"
"Mar 22, 2021","43,594","43,891","43,958","43,462","1.13M","-0.83%"
"Mar 19, 2021","43,958","43,958","44,123","43,627","1.13M","-0.45%"
"Mar 18, 2021","44,156","44,123","44,222","41,314","2.74M","0.60%"
"Mar 17, 2021","43,891","44,123","44,123","43,891","1.56M","-0.30%"
"Mar 16, 2021","44,024","43,858","44,123","43,495","1.82M","0.38%"
"Mar 15, 2021","43,858","43,330","44,255","43,164","2.30M","1.22%"
"Mar 12, 2021","43,330","43,958","43,958","43,131","1.24M","-1.06%"
"Mar 11, 2021","43,792","43,693","43,925","43,462","1.54M","1.53%"
"Mar 10, 2021","43,131","42,636","43,197","41,975","2.17M","1.87%"
"Mar 09, 2021","42,338","42,966","42,966","42,272","4.46M","-2.06%"
"Mar 08, 2021","43,230","43,693","44,057","43,197","2.25M","-1.06%"
"Mar 05, 2021","43,693","43,726","43,759","43,098","2.53M","-0.45%"
"Mar 04, 2021","43,891","45,081","45,180","42,966","2.68M","-2.50%"
"Mar 03, 2021","45,015","45,214","45,280","44,883","2.27M","0.29%"
"Mar 02, 2021","44,883","44,784","45,015","44,453","1.71M","0.74%"
"Mar 01, 2021","44,553","45,280","45,280","44,288","3.60M","-0.15%"
"Feb 26, 2021","44,619","44,123","44,850","43,991","3.49M","-0.52%"
"Feb 25, 2021","44,850","44,619","44,883","43,991","1.98M","1.42%"
"Feb 24, 2021","44,222","45,280","45,445","44,123","3.03M","-1.76%"
"Feb 23, 2021","45,015","45,114","45,875","43,958","5.60M","-0.58%"
"Feb 22, 2021","45,280","45,280","45,577","44,685","2.99M","-0.44%"
"Feb 19, 2021","45,478","45,643","45,941","45,280","2.18M","-1.36%"
"Feb 18, 2021","46,106","45,610","46,238","44,982","4.65M","1.09%"
"Feb 17, 2021","45,610","43,131","45,610","43,131","6.36M","6.56%"
"Feb 09, 2021","42,801","42,305","42,966","41,644","3.98M","0.78%"
"Feb 08, 2021","42,470","42,966","43,065","41,578","5.86M","-1.53%"
"Feb 05, 2021","43,131","42,470","43,396","42,305","4.44M","1.56%"
"Feb 04, 2021","42,470","42,140","43,264","41,479","4.79M","0.78%"
"Feb 03, 2021","42,140","42,305","42,735","41,016","5.40M","-0.39%"
"Feb 02, 2021","42,305","40,653","42,404","39,826","4.20M","3.48%"
"Feb 01, 2021","40,884","42,966","43,264","40,818","7.52M","-6.78%"
"Jan 29, 2021","43,858","40,818","43,858","39,330","8.44M","6.84%"
"Jan 28, 2021","41,049","41,479","43,032","41,049","5.53M","-6.97%"
"Jan 27, 2021","44,123","43,462","44,586","43,330","6.32M","1.14%"
"Jan 26, 2021","43,627","43,925","44,123","42,999","4.07M","0.00%"
"Jan 25, 2021","43,627","42,074","43,759","42,041","6.40M","3.77%"
"Jan 22, 2021","42,041","41,314","42,107","41,247","4.27M","1.76%"
"Jan 21, 2021","41,314","41,148","41,611","40,586","3.10M","1.79%"
"Jan 20, 2021","40,586","39,992","40,586","38,339","5.05M","2.33%"
"Jan 19, 2021","39,661","41,545","41,776","39,000","4.98M","-5.06%"
"Jan 18, 2021","41,776","42,239","42,305","41,710","2.31M","-1.10%"
"Jan 15, 2021","42,239","42,305","42,404","42,074","2.53M","-0.08%"
"Jan 14, 2021","42,272","41,710","42,404","41,644","4.30M","1.35%"
"Jan 13, 2021","41,710","41,710","42,173","41,677","3.30M","0.00%"
"Jan 12, 2021","41,710","41,710","41,776","41,280","4.06M","0.00%"
"Jan 11, 2021","41,710","40,322","41,776","40,322","4.51M","3.61%"
"Jan 08, 2021","40,256","39,925","40,619","39,925","3.83M","0.83%"
"Jan 07, 2021","39,925","39,826","40,058","39,562","3.35M","-0.41%"
"Jan 06, 2021","40,091","40,653","40,653","39,892","2.99M","-0.49%"
"Jan 05, 2021","40,289","39,661","40,520","39,529","2.90M","1.08%"
"Jan 04, 2021","39,859","39,496","39,859","39,430","3.44M","1.43%"
"Dec 31, 2020","39,297","38,769","39,496","38,769","2.67M","1.36%"
"Dec 30, 2020","38,769","38,736","39,297","38,669","2.58M","0.09%"
"Dec 29, 2020","38,736","38,769","39,000","38,703","2.11M","-0.09%"
"Dec 28, 2020","38,769","39,198","39,529","38,669","2.80M","-1.01%"
"Dec 25, 2020","39,165","38,339","39,330","38,273","3.03M","1.54%"
"Dec 24, 2020","38,570","39,033","39,496","38,008","3.40M","-1.19%"
"Dec 23, 2020","39,033","39,694","40,091","39,033","2.99M","-1.50%"
"Dec 22, 2020","39,628","38,405","39,661","38,141","6.71M","3.18%"
"Dec 21, 2020","38,405","38,008","38,603","37,909","3.47M","1.04%"
"Dec 18, 2020","38,008","37,513","38,008","37,347","3.26M","1.32%"
"Dec 17, 2020","37,513","38,174","38,207","37,513","4.49M","-1.73%"
"Dec 16, 2020","38,174","38,339","38,339","38,075","2.73M","0.17%"
"Dec 15, 2020","38,108","38,075","38,769","38,008","4.37M","-0.35%"
"Dec 14, 2020","38,240","38,108","38,306","37,909","2.97M","1.23%"
"Dec 11, 2020","37,777","37,612","37,876","37,347","2.44M","0.44%"
"Dec 10, 2020","37,612","38,008","38,174","37,612","3.37M","-1.04%"
"Dec 09, 2020","38,008","37,744","38,042","37,645","2.95M","0.44%"
"Dec 08, 2020","37,843","37,711","38,207","37,612","2.88M","0.18%"
"Dec 07, 2020","37,777","37,480","38,141","37,480","2.01M","0.35%"
"Dec 04, 2020","37,645","37,810","37,942","37,513","2.30M","-0.70%"
"Dec 03, 2020","37,909","37,645","37,909","37,281","3.67M","0.61%"
"Dec 02, 2020","37,678","38,042","38,042","37,447","5.12M","-1.72%"
"Dec 01, 2020","38,339","37,414","38,339","37,414","4.08M","0.00%"
"Nov 30, 2020","38,339","38,835","38,835","38,240","4.28M","0.43%"
"Nov 27, 2020","38,174","37,347","38,273","37,281","5.04M","2.39%"
"Nov 26, 2020","37,281","37,017","37,414","37,017","2.48M","0.71%"
"Nov 25, 2020","37,017","37,546","37,546","36,753","2.47M","0.00%"
"Nov 24, 2020","37,017","37,645","37,645","36,686","3.91M","-1.06%"
"Nov 23, 2020","37,414","36,620","37,678","36,554","4.52M","2.17%"
"Nov 20, 2020","36,620","37,050","37,116","36,620","1.80M","-1.07%"
"Nov 19, 2020","37,017","36,852","37,017","36,224","4.30M","1.27%"
"Nov 18, 2020","36,554","36,918","37,149","36,488","2.33M","-1.25%"
"Nov 17, 2020","37,017","36,257","37,017","36,158","2.90M","2.10%"
"Nov 16, 2020","36,257","36,951","37,414","35,959","5.08M","-1.26%"
"Nov 13, 2020","36,719","36,686","37,083","36,521","2.03M","0.00%"
"Nov 12, 2020","36,719","36,025","36,719","35,761","5.05M","2.87%"
"Nov 11, 2020","35,695","35,100","35,992","35,067","4.54M","1.89%"
"Nov 10, 2020","35,034","35,629","35,629","34,935","2.71M","0.28%"
"Nov 09, 2020","34,935","35,034","35,199","34,803","2.66M","0.67%"
"Nov 06, 2020","34,703","35,364","35,364","33,712","2.42M","-1.69%"
"Nov 05, 2020","35,298","35,298","35,860","35,265","2.01M","0.00%"
"Nov 04, 2020","35,298","35,430","35,464","35,034","1.59M","-0.37%"
"Nov 03, 2020","35,430","35,695","35,695","35,100","1.46M","0.75%"
"Nov 02, 2020","35,166","34,604","35,364","34,604","1.32M","1.62%"
"Oct 30, 2020","34,604","34,108","35,001","33,646","4.28M","2.35%"
"Oct 29, 2020","33,811","33,910","34,637","33,646","4.69M","-2.57%"
"Oct 28, 2020","34,703","36,058","36,290","34,703","4.36M","-4.55%"
"Oct 27, 2020","36,356","36,356","36,918","36,323","1.82M","0.00%"
"Oct 26, 2020","36,356","36,356","37,182","36,191","3.16M","0.00%"
"Oct 23, 2020","36,356","36,025","36,521","35,662","3.65M","1.38%"
"Oct 22, 2020","35,860","34,769","35,860","34,769","1.82M","2.55%"
"Oct 21, 2020","34,968","35,364","35,860","34,869","2.30M","-0.94%"
"Oct 20, 2020","35,298","35,034","35,298","34,604","2.93M","0.00%"
"Oct 19, 2020","35,298","35,497","35,497","35,034","1.44M","-0.09%"
"Oct 16, 2020","35,331","35,690","35,690","35,038","1.64M","-0.91%"
"Oct 15, 2020","35,657","35,527","35,690","34,875","2.64M","0.37%"
"Oct 14, 2020","35,527","34,582","35,527","34,093","3.24M","2.64%"
"Oct 13, 2020","34,614","35,038","35,038","34,484","2.45M","-1.21%"
"Oct 12, 2020","35,038","35,527","35,625","34,712","2.82M","-1.38%"
"Oct 09, 2020","35,527","35,853","36,016","35,364","1.73M","-0.46%"
"Oct 08, 2020","35,690","35,201","35,690","35,103","2.61M","1.77%"
"Oct 07, 2020","35,071","34,288","35,168","33,897","2.88M","2.28%"
"Oct 06, 2020","34,288","34,223","34,516","34,060","3.23M","1.15%"
"Oct 05, 2020","33,897","33,897","34,321","33,734","1.77M","0.00%"
"Oct 02, 2020","33,897","34,223","34,354","32,528","3.98M","-0.95%"
"Oct 01, 2020","34,223","33,995","34,256","33,995","2.34M","0.67%"
"Sep 30, 2020","33,995","34,060","34,223","33,441","3.27M","0.77%"
"Sep 29, 2020","33,734","34,158","34,647","33,734","3.69M","0.49%"
"Sep 28, 2020","33,571","33,115","33,571","32,756","1.90M","2.49%"
"Sep 25, 2020","32,756","32,952","32,985","32,463","3.12M","-0.69%"
"Sep 24, 2020","32,985","32,887","33,180","32,593","3.69M","-0.69%"
"Sep 23, 2020","33,213","32,561","33,571","32,528","3.16M","2.31%"
"Sep 22, 2020","32,463","32,072","32,528","31,648","4.51M","1.22%"
"Sep 21, 2020","32,072","31,127","32,170","30,866","6.46M","4.13%"
"Sep 18, 2020","30,801","30,703","30,899","30,638","1.85M","0.32%"
"Sep 17, 2020","30,703","30,833","30,931","30,377","1.78M","-0.42%"
"Sep 16, 2020","30,833","30,279","31,127","30,116","3.30M","1.83%"
"Sep 15, 2020","30,279","30,312","30,475","30,149","2.36M","-0.11%"
"Sep 14, 2020","30,312","30,573","30,605","30,214","1.64M","-0.43%"
"Sep 11, 2020","30,442","30,605","30,605","30,247","1.31M","-0.53%"
"Sep 10, 2020","30,605","30,638","30,736","30,442","2.23M","0.54%"
"Sep 09, 2020","30,442","29,986","30,573","29,823","1.90M","0.32%"
"Sep 08, 2020","30,345","29,660","30,377","29,497","3.00M","3.10%"
"Sep 07, 2020","29,432","30,638","30,703","29,432","4.47M","-4.04%"
"Sep 04, 2020","30,670","30,345","30,703","30,279","3.05M","-0.74%"
"Sep 03, 2020","30,899","30,573","31,127","30,312","3.18M","1.07%"
"Sep 01, 2020","30,573","30,442","30,964","30,345","2.99M","0.43%"
"Aug 31, 2020","30,442","30,247","30,736","29,986","2.86M","0.65%"
"Aug 28, 2020","30,247","29,367","30,638","29,334","5.98M","4.39%"
"Aug 27, 2020","28,976","28,454","28,976","28,454","2.87M","1.83%"
"Aug 26, 2020","28,454","28,454","28,943","28,356","2.65M","-0.34%"
"Aug 25, 2020","28,552","27,541","28,747","27,541","6.74M","4.16%"
"Aug 24, 2020","27,411","27,118","27,639","27,020","3.19M","2.56%"
"Aug 21, 2020","26,727","26,661","26,890","26,564","2.07M","0.37%"
"Aug 20, 2020","26,629","26,661","26,759","26,336","3.06M","-0.12%"
"Aug 19, 2020","26,661","26,499","26,727","26,499","1.15M","0.49%"
"Aug 18, 2020","26,531","26,727","26,759","26,336","1.66M","-0.97%"
"Aug 17, 2020","26,792","27,085","27,085","26,368","2.47M","-1.08%"
"Aug 14, 2020","27,085","26,857","27,313","26,759","2.98M","1.09%"
"Aug 13, 2020","26,792","26,107","26,824","26,075","2.75M","3.01%"
"Aug 12, 2020","26,010","25,944","26,042","25,749","1.36M","0.38%"
"Aug 11, 2020","25,912","26,010","26,010","25,684","1.18M","0.63%"
"Aug 10, 2020","25,749","25,749","26,173","25,749","1.89M","0.51%"
"Aug 07, 2020","25,618","25,781","25,879","25,423","1.82M","-0.88%"
"Aug 06, 2020","25,847","25,912","26,010","25,521","1.66M","0.13%"
"Aug 05, 2020","25,814","25,097","25,879","24,934","2.20M","2.86%"
"Aug 04, 2020","25,097","25,064","25,521","24,934","2.52M","1.32%"
"Aug 03, 2020","24,771","24,184","24,901","23,956","1.97M","2.01%"
"Jul 31, 2020","24,282","23,630","24,347","23,630","2.40M","0.27%"
"Jul 30, 2020","24,217","23,826","24,217","23,728","1.81M","1.78%"
"Jul 29, 2020","23,793","24,119","24,250","23,239","4.31M","-3.95%"
"Jul 28, 2020","24,771","24,543","24,836","24,021","3.84M","3.12%"
"Jul 27, 2020","24,021","24,119","24,804","24,021","8.94M","-6.94%"
"Jul 24, 2020","25,814","26,955","27,020","25,162","5.39M","-4.58%"
"Jul 23, 2020","27,053","27,118","27,216","26,955","1.26M","-0.24%"
"Jul 22, 2020","27,118","27,346","27,379","26,955","1.09M","-0.60%"
"Jul 21, 2020","27,281","27,150","27,313","27,053","1.24M","0.48%"
"Jul 20, 2020","27,150","27,346","27,379","27,118","760.92K","-0.83%"
"Jul 17, 2020","27,379","27,607","27,639","27,379","1.14M","-0.94%"
"Jul 16, 2020","27,639","27,541","27,639","27,379","1.49M","0.24%"
"Jul 15, 2020","27,574","27,183","27,672","27,085","3.15M","2.05%"
"Jul 14, 2020","27,020","26,987","27,020","26,792","1.10M","0.12%"
"Jul 13, 2020","26,987","27,118","27,281","26,857","1.21M","-0.12%"
"Jul 10, 2020","27,020","27,346","27,379","26,987","1.69M","-1.31%"
"Jul 09, 2020","27,379","27,248","27,476","27,216","1.56M","0.48%"
"Jul 08, 2020","27,248","27,281","27,379","27,020","855.45K","-0.12%"
"Jul 07, 2020","27,281","27,346","27,607","27,281","1.86M","0.24%"
"Jul 06, 2020","27,216","26,694","27,313","26,661","1.86M","2.20%"
"Jul 03, 2020","26,629","26,661","26,694","26,531","1.07M","-0.12%"
"Jul 02, 2020","26,661","26,596","26,824","26,401","983.16K","-0.24%"
"Jul 01, 2020","26,727","26,336","26,727","26,336","934.47K","1.49%"
"Jun 30, 2020","26,336","26,824","26,890","26,075","2.23M","-0.86%"
"Jun 29, 2020","26,564","27,085","27,216","26,368","3.29M","-3.21%"
"Jun 26, 2020","27,444","27,379","27,607","27,183","1.35M","0.72%"
"Jun 25, 2020","27,248","27,379","27,541","27,216","2.35M","-1.65%"
"Jun 24, 2020","27,704","27,867","28,128","27,379","2.15M","-0.35%"
"Jun 23, 2020","27,802","27,998","28,161","27,802","2.40M","-0.70%"
"Jun 22, 2020","27,998","27,770","28,291","27,574","2.82M","1.66%"
"Jun 19, 2020","27,541","27,379","27,867","27,281","2.58M","0.84%"
"Jun 18, 2020","27,313","27,053","27,313","27,020","1.08M","0.00%"
"Jun 17, 2020","27,313","27,672","27,672","27,053","2.31M","-0.71%"
"Jun 16, 2020","27,509","27,379","27,574","27,118","2.11M","2.30%"
"Jun 15, 2020","26,890","27,965","27,965","26,694","3.40M","-4.07%"
"Jun 12, 2020","28,030","26,792","28,030","26,401","7.55M","3.37%"
"Jun 11, 2020","27,118","29,171","29,171","27,118","8.33M","-6.94%"
"Jun 10, 2020","29,139","28,845","29,334","28,389","3.03M","0.79%"
"Jun 09, 2020","28,910","29,595","29,595","28,878","3.35M","-1.55%"
"Jun 08, 2020","29,367","28,519","29,758","28,291","11.07M","4.65%"
"Jun 05, 2020","28,063","27,867","28,096","27,737","2.23M","0.70%"
"Jun 04, 2020","27,867","27,900","28,356","27,802","3.04M","0.12%"
"Jun 03, 2020","27,835","27,867","27,965","27,770","2.59M","0.12%"
"Jun 02, 2020","27,802","28,063","28,291","27,802","3.33M","-0.81%"
"Jun 01, 2020","28,030","27,574","28,063","27,574","2.46M","1.65%"
"May 29, 2020","27,574","27,574","27,704","27,411","2.55M","-0.12%"
"May 28, 2020","27,607","27,704","27,933","27,541","2.85M","-0.12%"
"May 27, 2020","27,639","28,324","28,487","27,639","3.96M","-1.97%"
"May 26, 2020","28,193","28,096","28,291","27,900","3.53M","0.46%"
"May 25, 2020","28,063","27,704","28,356","27,444","3.41M","1.29%"
"May 22, 2020","27,704","28,356","28,389","27,704","4.43M","-2.30%"
"May 21, 2020","28,356","28,226","28,780","28,096","4.62M","0.58%"
"May 20, 2020","28,193","28,063","28,259","27,933","3.30M","-0.80%"
"May 19, 2020","28,421","28,519","28,584","28,193","5.02M","1.99%"
"May 18, 2020","27,867","26,727","27,900","26,727","6.55M","4.14%"
"May 15, 2020","26,759","27,118","27,313","26,727","3.32M","-1.09%"
"May 14, 2020","27,053","26,727","27,313","26,727","3.12M","-1.07%"
"May 13, 2020","27,346","26,727","27,411","26,433","5.02M","0.72%"
"May 12, 2020","27,150","27,639","27,639","26,890","5.81M","-2.00%"
"May 11, 2020","27,704","27,378","27,900","27,313","3.77M","1.43%"
"May 08, 2020","27,313","27,053","27,998","27,053","7.09M","1.45%"
"May 07, 2020","26,922","26,661","26,922","26,564","3.62M","1.72%"
"May 06, 2020","26,466","26,075","26,466","25,749","2.54M","2.39%"
"May 05, 2020","25,847","26,010","26,270","25,684","1.57M","-0.12%"
"May 04, 2020","25,879","26,564","26,564","25,879","2.75M","-2.82%"
"Apr 29, 2020","26,629","26,368","26,824","25,749","3.53M","0.99%"
"Apr 28, 2020","26,368","26,564","26,694","26,205","2.70M","-1.58%"
"Apr 27, 2020","26,792","27,346","27,346","26,466","3.36M","-0.96%"
"Apr 24, 2020","27,053","27,216","27,216","26,466","3.08M","-0.60%"
"Apr 23, 2020","27,216","27,704","27,704","26,727","4.04M","1.83%"
"Apr 22, 2020","26,727","25,130","27,053","25,130","5.39M","3.28%"
"Apr 21, 2020","25,879","26,759","27,183","25,618","7.75M","-5.81%"
"Apr 20, 2020","27,476","27,378","27,737","26,824","6.55M","2.80%"
"Apr 17, 2020","26,727","25,390","26,727","25,260","7.42M","6.64%"
"Apr 16, 2020","25,064","24,771","25,097","24,575","4.38M","0.13%"
"Apr 15, 2020","25,032","24,771","25,488","24,641","4.67M","2.67%"
"Apr 14, 2020","24,380","24,510","24,706","23,924","3.11M","-0.27%"
"Apr 13, 2020","24,445","23,467","24,999","23,467","6.62M","4.60%"
"Apr 10, 2020","23,369","23,337","23,761","23,011","3.71M","-1.78%"
"Apr 09, 2020","23,793","24,445","24,543","23,793","4.83M","-1.35%"
"Apr 08, 2020","24,119","23,728","24,315","23,304","6.13M","-0.81%"
"Apr 07, 2020","24,315","24,347","24,347","23,109","17.46M","6.72%"
"Apr 06, 2020","22,783","22,783","22,783","22,783","1.46M","6.88%"
"Apr 03, 2020","21,316","20,501","21,316","20,306","4.96M","6.86%"
"Apr 01, 2020","19,947","19,132","20,273","19,035","4.81M","3.90%"
"Mar 31, 2020","19,198","19,882","20,436","18,350","5.60M","-1.01%"
"Mar 30, 2020","19,393","19,198","21,186","19,198","5.58M","-6.01%"
"Mar 27, 2020","20,632","21,284","21,512","20,632","7.50M","-6.91%"
"Mar 26, 2020","22,164","23,565","23,565","22,164","6.37M","-6.85%"
"Mar 25, 2020","23,793","22,815","23,793","22,489","4.25M","6.11%"
"Mar 24, 2020","22,424","23,402","23,402","21,772","4.70M","-4.18%"
"Mar 23, 2020","23,402","23,858","24,445","23,402","4.08M","-6.99%"
"Mar 20, 2020","25,162","24,706","25,162","24,412","3.29M","2.11%"
"Mar 19, 2020","24,641","25,097","25,325","24,315","3.40M","-4.06%"
"Mar 18, 2020","25,684","25,358","26,238","25,097","4.22M","1.94%"
"Mar 17, 2020","25,195","23,630","25,423","23,337","3.76M","1.71%"
"Mar 16, 2020","24,771","25,097","25,814","24,119","4.58M","-3.80%"
"Mar 13, 2020","25,749","24,673","28,030","24,673","10.83M","-2.83%"
"Mar 12, 2020","26,498","26,498","26,498","26,498","1.58M","-6.98%"
"Mar 11, 2020","28,487","30,638","30,801","28,487","4.75M","-6.92%"
"Mar 10, 2020","30,605","29,627","30,964","29,399","4.29M","-2.09%"
"Mar 09, 2020","31,257","31,257","32,105","31,257","3.15M","-6.98%"
"Mar 06, 2020","33,604","34,028","34,158","33,050","2.48M","-2.27%"
"Mar 05, 2020","34,386","34,549","34,745","34,060","2.02M","-0.47%"
"Mar 04, 2020","34,549","34,516","34,549","34,093","2.04M","-0.37%"
"Mar 03, 2020","34,679","35,136","35,136","34,647","2.04M","-0.10%"
"Mar 02, 2020","34,712","34,712","34,940","34,516","1.42M","0.00%"
"Feb 28, 2020","34,712","34,549","34,940","34,060","3.89M","-1.75%"
"Feb 27, 2020","35,331","34,614","35,331","34,614","6.43M","2.07%"
"Feb 26, 2020","34,614","34,549","35,168","34,386","3.25M","-0.75%"
"Feb 25, 2020","34,875","34,288","34,875","34,288","2.08M","0.75%"
"Feb 24, 2020","34,614","35,201","35,494","34,451","4.67M","-3.98%"
"Feb 21, 2020","36,048","36,048","36,505","35,788","2.71M","0.00%"
"Feb 20, 2020","36,048","36,179","36,309","35,918","1.36M","0.09%"
"Feb 19, 2020","36,016","35,657","36,016","35,494","2.02M","1.47%"
"Feb 18, 2020","35,494","35,038","35,559","34,875","1.71M","1.30%"
"Feb 17, 2020","35,038","34,940","35,038","34,614","1.15M","0.37%"
"Feb 14, 2020","34,908","34,875","35,103","34,516","1.25M","-0.83%"
"Feb 13, 2020","35,201","35,168","35,527","35,168","1.24M","-0.92%"
"Feb 12, 2020","35,527","34,777","35,657","34,777","1.71M","2.35%"
"Feb 11, 2020","34,712","34,549","34,810","34,549","1.19M","0.66%"
"Feb 10, 2020","34,484","34,712","35,038","34,484","2.11M","-2.67%"
"Feb 07, 2020","35,429","35,625","35,625","35,136","1.89M","-0.73%"
"Feb 06, 2020","35,690","35,201","35,951","35,201","2.36M","1.39%"
"Feb 05, 2020","35,201","35,201","35,755","35,201","2.42M","0.09%"
"Feb 04, 2020","35,168","35,527","36,016","34,679","2.72M","-0.83%"
"Feb 03, 2020","35,462","35,266","35,820","33,897","5.85M","-1.81%"
"Jan 31, 2020","36,114","36,831","37,352","36,016","4.30M","-2.81%"
"Jan 30, 2020","37,157","37,808","38,167","36,831","3.95M","-4.36%"
"Jan 22, 2020","38,851","38,982","39,145","38,623","1.38M","-0.67%"
"Jan 21, 2020","39,112","38,656","39,275","38,591","2.08M","1.18%"
"Jan 20, 2020","38,656","37,645","38,656","37,645","4.39M","2.15%"
"Jan 17, 2020","37,841","37,613","37,874","37,613","1.31M","0.61%"
"Jan 16, 2020","37,613","37,157","37,808","37,124","1.56M","1.23%"
"Jan 15, 2020","37,157","37,124","37,222","37,059","879.48K","0.09%"
"Jan 14, 2020","37,124","37,417","37,417","37,091","962.43K","-0.52%"
"Jan 13, 2020","37,319","37,319","37,580","37,189","864.72K","-0.52%"
"Jan 10, 2020","37,515","37,352","37,678","37,254","1.24M","0.53%"
"Jan 09, 2020","37,319","37,124","37,482","36,961","954.21K","1.51%"
"Jan 08, 2020","36,765","37,157","37,482","36,765","2.23M","-2.42%"
"Jan 07, 2020","37,678","37,385","37,678","36,928","1.94M","0.78%"
"Jan 06, 2020","37,385","37,417","37,613","37,157","1.17M","-0.52%"
"Jan 03, 2020","37,580","38,134","38,362","37,548","2.37M","-1.45%"
"Jan 02, 2020","38,134","37,157","38,134","37,059","2.15M","2.63%"
"Dec 31, 2019","37,157","37,157","37,450","37,157","1.81M","0.00%"
"Dec 30, 2019","37,157","36,994","37,319","36,896","1.85M","0.44%"
"Dec 27, 2019","36,994","36,831","36,994","36,668","1.46M","0.18%"
"Dec 26, 2019","36,928","37,124","37,124","36,537","1.85M","-0.53%"
"Dec 25, 2019","37,124","36,374","37,124","36,276","1.64M","2.34%"
"Dec 24, 2019","36,276","36,244","36,439","36,048","1.12M","0.27%"
"Dec 23, 2019","36,179","36,407","36,570","36,179","1.28M","0.27%"
"Dec 20, 2019","36,081","36,114","36,439","35,918","1.07M","0.64%"
"Dec 19, 2019","35,853","35,788","36,114","35,364","1.14M","0.00%"
"Dec 18, 2019","35,853","36,863","37,026","35,755","3.44M","-2.91%"
"Dec 17, 2019","36,928","37,091","37,319","36,863","1.34M","0.09%"
"Dec 16, 2019","36,896","36,505","36,896","36,342","1.33M","0.18%"
"Dec 13, 2019","36,831","36,994","37,385","36,602","1.40M","-0.35%"
"Dec 12, 2019","36,961","36,831","36,994","36,733","1.10M","0.35%"
"Dec 11, 2019","36,831","36,016","36,831","35,951","944.13K","1.80%"
"Dec 10, 2019","36,179","36,146","36,309","35,853","1.24M","0.09%"
"Dec 09, 2019","36,146","36,114","36,374","35,853","1.58M","0.09%"
"Dec 06, 2019","36,114","36,048","36,179","35,853","1.41M","0.18%"
"Dec 05, 2019","36,048","36,896","36,994","36,048","1.63M","-2.13%"
"Dec 04, 2019","36,831","35,527","36,831","35,396","1.72M","3.48%"
"Dec 03, 2019","35,592","35,201","35,657","34,810","1.78M","0.74%"
"Dec 02, 2019","35,331","35,657","35,788","35,331","1.93M","-0.55%"
"Nov 29, 2019","35,527","35,527","35,527","34,745","2.74M","0.00%"
"Nov 28, 2019","35,527","36,244","36,570","35,494","3.84M","-3.71%"
"Nov 27, 2019","36,896","37,059","37,222","36,798","765.45K","-0.26%"
"Nov 26, 2019","36,994","36,961","37,157","36,733","1.76M","1.34%"
"Nov 25, 2019","36,505","36,733","36,765","35,233","1.86M","0.00%"
"Nov 22, 2019","36,505","37,482","37,482","36,114","2.62M","-1.32%"
"Nov 21, 2019","36,994","38,134","38,134","36,994","3.64M","-3.07%"
"Nov 20, 2019","38,167","38,786","38,786","38,037","1.06M","-1.60%"
"Nov 19, 2019","38,786","38,460","38,786","38,362","891.63K","1.02%"
"Nov 18, 2019","38,395","38,656","38,949","38,297","1.03M","-0.59%"
"Nov 15, 2019","38,623","38,134","38,623","38,069","1.43M","1.46%"
"Nov 14, 2019","38,069","39,080","39,340","37,808","4.69M","-2.59%"
"Nov 13, 2019","39,080","39,862","39,992","38,786","4.46M","-1.96%"
"Nov 12, 2019","39,862","39,731","40,025","39,568","1.61M","0.33%"
"Nov 11, 2019","39,731","40,677","40,677","39,731","3.22M","-2.17%"
"Nov 08, 2019","40,611","40,872","40,872","40,220","2.38M","-0.56%"
"Nov 07, 2019","40,840","40,840","41,035","40,644","1.36M","0.56%"
"Nov 06, 2019","40,611","40,937","40,970","40,481","2.03M","-0.80%"
"Nov 05, 2019","40,937","41,263","41,328","40,905","2.08M","-0.40%"
"Nov 04, 2019","41,100","40,872","41,263","40,285","4.26M","0.72%"
"Nov 01, 2019","40,807","40,611","41,003","40,025","2.41M","0.48%"
"Oct 31, 2019","40,611","40,709","41,068","40,611","1.64M","-0.24%"
"Oct 30, 2019","40,709","41,166","41,296","40,611","3.82M","-1.65%"
"Oct 29, 2019","41,394","41,589","41,850","41,394","1.36M","-0.47%"
"Oct 28, 2019","41,589","41,720","42,078","41,524","2.37M","-0.24%"
"Oct 25, 2019","41,687","41,654","41,720","41,328","1.86M","0.31%"
"Oct 24, 2019","41,557","40,155","41,557","40,155","4.65M","3.49%"
"Oct 23, 2019","40,155","39,927","40,546","39,797","803.73K","0.08%"
"Oct 22, 2019","40,123","40,090","40,123","39,699","849.33K","0.16%"
"Oct 21, 2019","40,057","40,253","40,383","39,764","1.26M","0.00%"
"Oct 18, 2019","40,057","40,188","40,285","39,862","1.02M","0.00%"
"Oct 17, 2019","40,057","40,742","40,742","39,992","2.26M","-1.76%"
"Oct 16, 2019","40,774","41,068","41,231","40,742","996.45K","-0.32%"
"Oct 15, 2019","40,905","40,644","41,035","40,579","990.39K","0.64%"
"Oct 14, 2019","40,644","40,253","40,905","40,090","1.67M","1.05%"
"Oct 11, 2019","40,220","40,318","40,351","39,992","679.17K","-0.16%"
"Oct 10, 2019","40,285","40,285","40,514","39,992","927.27K","0.00%"
"Oct 09, 2019","40,285","40,220","40,383","39,960","775.14K","0.49%"
"Oct 08, 2019","40,090","39,438","40,090","39,308","1.85M","1.65%"
"Oct 07, 2019","39,438","40,090","40,318","39,438","2.61M","-1.63%"
"Oct 04, 2019","40,090","41,003","41,003","40,090","1.84M","-1.68%"
"Oct 03, 2019","40,774","40,448","40,807","40,416","2.72M","-0.08%"
"Oct 02, 2019","40,807","41,557","41,622","40,807","2.09M","-1.80%"
"Oct 01, 2019","41,557","41,100","41,654","41,100","1.74M","1.11%"
"Sep 30, 2019","41,100","42,046","42,208","41,068","2.04M","-1.49%"
"Sep 27, 2019","41,720","41,231","41,980","41,068","3.85M","1.59%"
"Sep 26, 2019","41,068","41,035","41,231","40,579","1.36M","0.40%"
"Sep 25, 2019","40,905","39,797","40,905","39,601","1.92M","2.87%"
"Sep 24, 2019","39,764","39,992","40,611","39,764","2.39M","-1.61%"
"Sep 23, 2019","40,416","41,068","41,394","40,253","2.12M","-1.98%"
"Sep 20, 2019","41,231","41,035","41,654","40,416","1.88M","1.04%"
"Sep 19, 2019","40,807","39,927","40,807","39,666","1.61M","2.62%"
"Sep 18, 2019","39,764","40,123","40,579","39,634","2.51M","-1.13%"
"Sep 17, 2019","40,220","40,220","40,253","39,764","1.30M","-0.08%"
"Sep 16, 2019","40,253","39,992","40,677","39,960","3.32M","0.90%"
"Sep 13, 2019","39,894","38,297","39,894","38,297","7.81M","4.79%"
"Sep 12, 2019","38,069","37,776","38,199","37,417","2.55M","1.48%"
"Sep 11, 2019","37,515","37,417","37,515","36,733","2.10M","0.17%"
"Sep 10, 2019","37,450","38,134","38,134","37,319","1.58M","-1.03%"
"Sep 09, 2019","37,841","37,971","38,297","37,841","804.81K","-0.77%"
"Sep 06, 2019","38,134","37,874","38,265","37,548","1.34M","0.69%"
"Sep 05, 2019","37,874","38,460","38,460","37,482","2.62M","-1.44%"
"Sep 04, 2019","38,428","38,330","38,591","38,199","1.44M","0.26%"
"Sep 03, 2019","38,330","38,232","38,558","38,134","2.02M","0.60%"
"Aug 30, 2019","38,102","37,482","38,199","37,482","1.94M","1.65%"
"Aug 29, 2019","37,482","37,091","37,482","36,863","1.02M","1.05%"
"Aug 28, 2019","37,091","37,157","37,157","36,602","1.79M","-0.18%"
"Aug 27, 2019","37,157","38,232","38,297","36,342","5.68M","-2.06%"
"Aug 26, 2019","37,939","37,548","38,428","37,548","3.11M","-0.08%"
"Aug 23, 2019","37,971","38,297","38,460","37,482","3.10M","-0.85%"
"Aug 22, 2019","38,297","39,275","39,275","38,297","3.11M","-2.33%"
"Aug 21, 2019","39,210","39,112","39,731","38,884","2.45M","0.25%"
"Aug 20, 2019","39,112","38,525","39,112","38,460","1.62M","1.78%"
"Aug 19, 2019","38,428","38,395","38,721","37,580","3.44M","0.51%"
"Aug 16, 2019","38,232","39,373","39,894","38,232","4.41M","-2.25%"
"Aug 15, 2019","39,112","38,395","39,112","38,069","2.78M","0.92%"
"Aug 14, 2019","38,754","38,656","38,949","38,525","2.18M","0.94%"
"Aug 13, 2019","38,395","37,971","38,591","37,482","2.74M","0.68%"
"Aug 12, 2019","38,134","37,776","38,460","37,352","2.14M","0.95%"
"Aug 09, 2019","37,776","36,961","37,776","36,798","2.02M","2.57%"
"Aug 08, 2019","36,831","37,319","37,482","36,733","2.59M","-0.88%"
"Aug 07, 2019","37,157","35,853","37,222","35,853","3.84M","3.64%"
"Aug 06, 2019","35,853","34,842","36,114","34,842","2.97M","0.46%"
"Aug 05, 2019","35,690","35,201","36,309","35,103","3.93M","1.39%"
"Aug 02, 2019","35,201","35,038","35,364","34,875","2.40M","-0.46%"
"Aug 01, 2019","35,364","34,647","35,364","34,419","2.63M","1.59%"
"Jul 31, 2019","34,810","33,636","34,875","33,636","2.05M","2.99%"
"Jul 30, 2019","33,799","34,386","34,875","33,799","3.04M","-2.17%"
"Jul 29, 2019","34,549","34,940","34,940","33,865","5.76M","-0.66%"
"Jul 26, 2019","34,777","35,201","35,364","34,484","3.52M","-1.11%"
"Jul 25, 2019","35,168","35,005","35,364","34,712","2.75M","0.47%"
"Jul 24, 2019","35,005","35,527","35,755","35,005","2.33M","-1.38%"
"Jul 23, 2019","35,494","34,712","35,494","34,647","2.69M","2.25%"
"Jul 22, 2019","34,712","34,549","35,038","34,288","2.58M","0.57%"
"Jul 19, 2019","34,516","34,060","34,549","33,897","3.29M","1.92%"
"Jul 18, 2019","33,865","33,082","33,865","32,887","3.33M","2.26%"
"Jul 17, 2019","33,115","33,310","33,441","33,082","1.80M","-0.59%"
"Jul 16, 2019","33,310","32,985","33,473","32,919","2.15M","0.99%"
"Jul 15, 2019","32,985","32,202","33,245","31,974","4.67M","3.16%"
"Jul 12, 2019","31,974","31,942","32,333","31,648","2.12M","0.10%"
"Jul 11, 2019","31,942","32,105","32,365","31,942","2.11M","-0.41%"
"Jul 10, 2019","32,072","31,713","32,430","31,713","3.14M","1.44%"
"Jul 09, 2019","31,616","30,833","31,616","30,605","2.89M","2.86%"
"Jul 08, 2019","30,736","30,964","31,062","30,670","2.15M","-1.15%"
"Jul 05, 2019","31,094","31,029","31,192","30,931","1.86M","-0.11%"
"Jul 04, 2019","31,127","31,290","31,485","31,094","1.95M","-0.10%"
"Jul 03, 2019","31,159","30,996","31,290","30,964","2.57M","0.10%"
"Jul 02, 2019","31,127","30,931","31,225","30,768","3.39M","0.85%"
"Jul 01, 2019","30,866","30,475","30,899","30,410","2.81M","2.05%"
"Jun 28, 2019","30,247","29,725","30,247","29,595","2.14M","1.98%"
"Jun 27, 2019","29,660","30,019","30,247","29,595","2.28M","-1.94%"
"Jun 26, 2019","30,247","29,921","30,410","29,725","2.28M","1.09%"
"Jun 25, 2019","29,921","29,790","29,921","29,530","1.47M","0.44%"
"Jun 24, 2019","29,790","29,953","30,149","29,562","2.32M","0.44%"
"Jun 21, 2019","29,660","29,595","29,953","29,595","1.55M","0.33%"
"Jun 20, 2019","29,562","29,008","29,856","28,943","3.44M","2.37%"
"Jun 19, 2019","28,878","29,008","29,171","28,813","1.14M","0.34%"
"Jun 18, 2019","28,780","28,650","28,813","28,584","1.23M","0.57%"
"Jun 17, 2019","28,617","29,008","29,073","28,519","2.30M","-1.46%"
"Jun 14, 2019","29,041","29,269","29,269","28,976","1.94M","-0.34%"
"Jun 13, 2019","29,139","29,595","29,595","29,073","2.29M","-1.43%"
"Jun 12, 2019","29,562","29,334","29,660","29,171","2.85M","1.23%"
"Jun 11, 2019","29,204","29,008","29,497","28,976","3.15M","1.13%"
"Jun 10, 2019","28,878","28,813","29,171","28,780","2.18M","0.34%"
"Jun 07, 2019","28,780","28,259","28,780","28,259","1.97M","2.08%"
"Jun 06, 2019","28,193","28,356","28,356","28,030","1.15M","-0.12%"
"Jun 05, 2019","28,226","28,226","28,454","28,193","872.07K","0.70%"
"Jun 04, 2019","28,030","27,835","28,030","27,574","672.24K","1.18%"
"Jun 03, 2019","27,704","28,030","28,030","27,411","1.65M","-1.28%"
"May 31, 2019","28,063","28,552","28,584","28,030","1.88M","-1.71%"
"May 30, 2019","28,552","28,519","28,682","28,389","1.18M","0.12%"
"May 29, 2019","28,519","28,747","28,845","28,487","2.73M","-0.79%"
"May 28, 2019","28,747","28,519","28,813","28,519","1.54M","0.57%"
"May 27, 2019","28,584","28,845","28,943","28,454","1.62M","-1.13%"
"May 24, 2019","28,910","28,421","29,106","28,324","3.52M","1.25%"
"May 23, 2019","28,552","28,682","28,682","28,356","1.73M","0.69%"
"May 22, 2019","28,356","28,356","28,677","28,260","2.02M","0.34%"
"May 21, 2019","28,260","28,324","28,549","28,164","2.83M","-0.11%"
"May 20, 2019","28,292","27,780","28,388","27,780","2.70M","2.08%"
"May 17, 2019","27,715","27,555","27,876","27,555","895.59K","0.58%"
"May 16, 2019","27,555","27,876","28,004","27,555","1.02M","-1.15%"
"May 15, 2019","27,876","27,523","27,972","27,491","2.32M","1.76%"
"May 14, 2019","27,395","27,235","27,459","27,107","1.53M","0.35%"
"May 13, 2019","27,299","27,203","27,363","26,914","798.42K","0.23%"
"May 10, 2019","27,235","26,946","27,267","26,914","1.03M","1.07%"
"May 09, 2019","26,946","26,722","27,075","26,690","1.14M","0.72%"
"May 08, 2019","26,754","26,594","26,882","26,434","1.02M","-0.48%"
"May 07, 2019","26,882","26,946","27,075","26,754","877.53K","0.12%"
"May 06, 2019","26,850","27,235","27,235","26,754","1.22M","-2.45%"
"May 03, 2019","27,523","27,555","27,555","27,267","1.15M","-0.12%"
"May 02, 2019","27,555","27,331","27,683","27,331","1.67M","1.29%"
"Apr 26, 2019","27,203","26,754","27,235","26,690","2.19M","1.68%"
"Apr 25, 2019","26,754","26,690","26,914","26,594","819.03K","0.60%"
"Apr 24, 2019","26,594","26,530","26,722","26,498","955.08K","0.24%"
"Apr 23, 2019","26,530","26,594","26,658","26,402","615.90K","-0.24%"
"Apr 22, 2019","26,594","26,466","26,722","26,434","1.08M","0.97%"
"Apr 19, 2019","26,338","26,113","26,370","26,081","728.25K","0.99%"
"Apr 18, 2019","26,081","26,210","26,274","25,825","1.14M","-0.49%"
"Apr 17, 2019","26,210","26,177","26,306","26,081","1.03M","0.13%"
"Apr 16, 2019","26,177","26,210","26,338","26,081","1.36M","-0.97%"
"Apr 12, 2019","26,434","26,434","26,530","26,242","1.05M","0.00%"
"Apr 11, 2019","26,434","26,434","26,626","26,338","667.74K","-0.36%"
"Apr 10, 2019","26,530","26,722","26,786","26,338","1.21M","-1.07%"
"Apr 09, 2019","26,818","26,914","26,946","26,658","827.91K","-0.36%"
"Apr 08, 2019","26,914","27,075","27,075","26,754","559.74K","-0.12%"
"Apr 05, 2019","26,946","26,466","27,011","26,466","1.06M","0.72%"
"Apr 04, 2019","26,754","26,850","27,011","26,722","952.50K","-0.36%"
"Apr 03, 2019","26,850","27,075","27,075","26,818","706.62K","-0.36%"
"Apr 02, 2019","26,946","27,203","27,267","26,946","862.98K","0.00%"
"Apr 01, 2019","26,946","27,171","27,267","26,914","1.45M","-0.83%"
"Mar 29, 2019","27,171","27,107","27,299","27,075","856.65K","0.47%"
"Mar 28, 2019","27,043","27,075","27,139","26,946","1.06M","0.00%"
"Mar 27, 2019","27,043","27,075","27,203","27,043","623.43K","0.36%"
"Mar 26, 2019","26,946","27,235","27,299","26,882","1.77M","0.36%"
"Mar 25, 2019","26,850","27,715","27,715","26,850","3.49M","-3.90%"
"Mar 22, 2019","27,940","28,164","28,228","27,876","2.02M","-0.80%"
"Mar 21, 2019","28,164","28,356","28,549","28,164","2.12M","-0.68%"
"Mar 20, 2019","28,356","28,356","28,613","28,196","1.29M","-0.68%"
"Mar 19, 2019","28,549","28,613","29,157","28,484","3.48M","-0.11%"
"Mar 18, 2019","28,581","28,388","28,613","28,356","2.17M","0.68%"
"Mar 15, 2019","28,388","28,516","28,613","28,292","1.37M","-0.45%"
"Mar 14, 2019","28,516","28,677","28,677","28,356","1.59M","-0.45%"
"Mar 13, 2019","28,645","28,356","28,837","28,356","3.24M","1.02%"
"Mar 12, 2019","28,356","28,196","28,356","28,132","2.00M","1.26%"
"Mar 11, 2019","28,004","27,972","28,164","27,844","1.07M","0.92%"
"Mar 08, 2019","27,748","27,876","28,004","27,683","2.49M","-1.25%"
"Mar 07, 2019","28,100","28,356","28,356","28,068","1.38M","-0.45%"
"Mar 06, 2019","28,228","28,196","28,292","27,972","1.61M","0.34%"
"Mar 05, 2019","28,132","28,516","28,837","28,132","2.12M","-1.35%"
"Mar 04, 2019","28,516","28,356","28,645","27,972","2.31M","1.71%"
"Mar 01, 2019","28,036","28,068","28,164","27,876","1.29M","0.81%"
"Feb 28, 2019","27,812","28,260","28,420","27,812","3.48M","-1.59%"
"Feb 27, 2019","28,260","28,484","28,645","28,132","1.73M","-0.34%"
"Feb 26, 2019","28,356","28,773","28,773","28,260","2.39M","-1.23%"
"Feb 25, 2019","28,709","28,837","29,221","28,677","3.82M","0.68%"
"Feb 22, 2019","28,516","28,100","28,741","27,908","3.57M","1.25%"
"Feb 21, 2019","28,164","27,908","28,164","27,908","2.35M","0.92%"
"Feb 20, 2019","27,908","27,876","28,068","27,844","1.78M","0.11%"
"Feb 19, 2019","27,876","27,587","28,100","27,587","5.73M","1.05%"
"Feb 18, 2019","27,587","27,715","27,748","27,523","1.37M","0.00%"
"Feb 15, 2019","27,587","27,459","27,651","27,331","2.15M","0.47%"
"Feb 14, 2019","27,459","27,619","27,683","27,395","2.01M","-0.58%"
"Feb 13, 2019","27,619","27,107","27,619","27,107","3.64M","1.89%"
"Feb 12, 2019","27,107","27,107","27,331","27,107","1.03M","0.00%"
"Feb 11, 2019","27,107","26,914","27,107","26,754","1.07M","1.93%"
"Feb 01, 2019","26,594","26,818","26,979","26,562","1.26M","0.00%"
"Jan 31, 2019","26,594","26,914","27,075","26,594","618.09K","-0.72%"
"Jan 30, 2019","26,786","27,075","27,171","26,786","789.33K","-2.22%"
"Jan 29, 2019","27,395","26,786","27,395","26,562","1.39M","2.27%"
"Jan 28, 2019","26,786","26,658","26,979","26,658","810.75K","0.48%"
"Jan 25, 2019","26,658","26,786","26,882","26,658","670.53K","-0.48%"
"Jan 24, 2019","26,786","26,786","26,882","26,690","443.31K","0.00%"
"Jan 23, 2019","26,786","26,850","26,914","26,754","529.71K","-0.24%"
"Jan 22, 2019","26,850","26,850","27,075","26,818","424.77K","0.12%"
"Jan 21, 2019","26,818","27,043","27,107","26,754","1.32M","-0.83%"
"Jan 18, 2019","27,043","27,299","27,395","27,043","585.63K","-1.05%"
"Jan 17, 2019","27,331","27,555","27,555","27,299","1.37M","0.00%"
"Jan 16, 2019","27,331","27,395","27,812","27,331","5.28M","-0.47%"
"Jan 15, 2019","27,459","27,235","27,459","27,011","2.61M","0.82%"
"Jan 14, 2019","27,235","27,235","27,235","26,914","1.36M","0.00%"
"Jan 11, 2019","27,235","27,555","27,555","27,235","1.08M","-1.16%"
"Jan 10, 2019","27,555","27,363","27,555","27,139","855.87K","0.70%"
"Jan 09, 2019","27,363","26,914","27,459","26,914","1.32M","1.67%"
"Jan 08, 2019","26,914","27,235","27,235","26,914","516.54K","-1.18%"
"Jan 07, 2019","27,235","26,914","27,395","26,850","1.19M","1.68%"
"Jan 04, 2019","26,786","26,594","26,818","26,274","1.30M","0.72%"
"Jan 03, 2019","26,594","27,395","27,459","26,594","2.11M","-2.92%"
"Jan 02, 2019","27,395","27,876","27,876","27,395","1.06M","-1.73%"
"Dec 28, 2018","27,876","27,683","27,876","27,107","3.15M","0.70%"
"Dec 27, 2018","27,683","27,844","27,876","27,459","1.99M","1.17%"
"Dec 26, 2018","27,363","27,491","27,651","27,299","1.03M","0.00%"
"Dec 25, 2018","27,363","27,235","27,651","26,946","1.66M","-1.27%"
"Dec 24, 2018","27,715","27,876","28,036","27,715","954.27K","-0.58%"
"Dec 21, 2018","27,876","27,235","28,004","26,882","2.78M","1.76%"
"Dec 20, 2018","27,395","27,235","27,491","27,139","1.03M","-0.35%"
"Dec 19, 2018","27,491","27,395","27,523","27,107","1.11M","0.59%"
"Dec 18, 2018","27,331","26,594","27,331","26,594","2.31M","0.35%"
"Dec 17, 2018","27,235","27,876","28,036","27,235","2.83M","-3.30%"
"Dec 14, 2018","28,164","28,452","28,452","28,132","2.00M","-1.23%"
"Dec 13, 2018","28,516","28,869","28,869","28,452","1.33M","-0.56%"
"Dec 12, 2018","28,677","28,196","28,965","28,196","1.45M","1.94%"
"Dec 11, 2018","28,132","28,196","28,324","28,036","1.09M","-0.23%"
"Dec 10, 2018","28,196","28,388","28,388","28,100","1.14M","-0.68%"
"Dec 07, 2018","28,388","28,164","28,516","28,164","1.50M","0.80%"
"Dec 06, 2018","28,164","28,196","28,677","28,036","1.46M","-1.01%"
"Dec 05, 2018","28,452","27,972","28,613","27,844","1.17M","0.91%"
"Dec 04, 2018","28,196","28,356","28,420","28,100","1.05M","0.00%"
"Dec 03, 2018","28,196","27,395","28,196","27,235","2.65M","4.14%"
"Nov 30, 2018","27,075","27,107","27,267","26,914","958.95K","-0.59%"
"Nov 29, 2018","27,235","27,235","27,395","27,075","905.19K","0.47%"
"Nov 28, 2018","27,107","27,075","27,203","26,979","531.33K","0.24%"
"Nov 27, 2018","27,043","27,395","27,459","27,011","511.53K","-0.70%"
"Nov 26, 2018","27,235","26,914","27,427","26,914","731.04K","1.19%"
"Nov 23, 2018","26,914","27,491","27,555","26,914","827.31K","-2.10%"
"Nov 22, 2018","27,491","27,491","27,683","27,427","854.88K","1.18%"
"Nov 21, 2018","27,171","26,658","27,235","26,658","1.03M","0.59%"
"Nov 20, 2018","27,011","27,139","27,139","26,850","615.90K","-0.47%"
"Nov 19, 2018","27,139","26,338","27,139","26,338","2.02M","5.35%"
"Nov 16, 2018","25,761","25,953","26,434","25,713","2.52M","0.19%"
"Nov 15, 2018","25,713","25,953","26,266","25,713","1.17M","-0.28%"
"Nov 14, 2018","25,785","25,929","26,242","25,785","634.08K","-0.37%"
"Nov 13, 2018","25,881","26,001","26,194","25,833","1.27M","-2.09%"
"Nov 12, 2018","26,434","25,473","26,554","25,473","1.22M","3.77%"
"Nov 09, 2018","25,473","26,434","26,914","25,473","1.91M","-3.64%"
"Nov 08, 2018","26,434","26,674","26,914","26,025","2.42M","-1.78%"
"Nov 07, 2018","26,914","27,035","27,251","26,674","2.57M","0.54%"
"Nov 06, 2018","26,770","27,035","27,035","26,554","874.92K","0.00%"
"Nov 05, 2018","26,770","26,770","26,890","26,314","1.17M","-0.98%"
"Nov 02, 2018","27,035","27,131","27,275","26,674","2.02M","1.81%"
"Nov 01, 2018","26,554","27,155","27,275","26,434","2.00M","-2.04%"
"Oct 31, 2018","27,107","25,977","27,107","25,977","1.54M","5.32%"
"Oct 30, 2018","25,737","25,232","26,097","25,160","2.32M","2.29%"
"Oct 29, 2018","25,160","25,953","26,290","25,136","3.77M","-3.06%"
"Oct 26, 2018","25,953","27,635","27,683","25,953","3.40M","-4.43%"
"Oct 25, 2018","27,155","26,554","27,756","26,554","2.36M","-3.00%"
"Oct 24, 2018","27,996","28,717","29,101","27,996","2.04M","-2.51%"
"Oct 23, 2018","28,717","29,798","29,798","28,356","3.33M","-4.17%"
"Oct 22, 2018","29,966","30,279","30,375","29,966","1.09M","-0.32%"
"Oct 19, 2018","30,062","30,159","30,351","29,894","1.87M","-1.11%"
"Oct 18, 2018","30,399","30,831","30,880","30,351","1.56M","-1.17%"
"Oct 17, 2018","30,759","30,759","31,120","30,663","1.44M","0.47%"
"Oct 16, 2018","30,615","30,038","30,615","30,038","1.19M","1.51%"
"Oct 15, 2018","30,159","30,663","30,663","30,038","3.21M","-1.57%"
"Oct 12, 2018","30,639","29,822","30,639","29,822","2.47M","2.41%"
"Oct 11, 2018","29,918","31,000","31,000","29,918","6.32M","-4.96%"
"Oct 10, 2018","31,480","31,240","31,480","31,072","2.31M","1.16%"
"Oct 09, 2018","31,120","30,783","31,384","30,783","3.29M","1.17%"
"Oct 08, 2018","30,759","30,399","31,000","30,351","2.64M","1.18%"
"Oct 05, 2018","30,399","31,000","31,240","30,399","2.42M","-1.86%"
"Oct 04, 2018","30,976","30,831","31,240","30,831","1.87M","0.63%"
"Oct 03, 2018","30,783","30,495","30,783","30,447","1.89M","0.87%"
"Oct 02, 2018","30,519","30,519","30,831","30,447","1.95M","0.00%"
"Oct 01, 2018","30,519","30,519","30,735","30,423","1.96M","-0.16%"
"Sep 28, 2018","30,567","30,880","31,216","30,567","2.57M","-0.62%"
"Sep 27, 2018","30,759","30,111","30,759","29,846","3.08M","2.40%"
"Sep 26, 2018","30,038","30,279","30,471","30,038","2.60M","-1.03%"
"Sep 25, 2018","30,351","30,447","30,447","30,159","1.99M","-0.32%"
"Sep 24, 2018","30,447","30,279","30,639","30,279","2.29M","0.55%"
"Sep 21, 2018","30,279","29,293","30,279","29,197","5.03M","3.71%"
"Sep 20, 2018","29,197","29,293","29,438","29,101","1.29M","-0.33%"
"Sep 19, 2018","29,293","29,558","29,558","29,029","1.47M","-0.09%"
"Sep 18, 2018","29,318","28,813","29,318","28,597","1.31M","1.25%"
"Sep 17, 2018","28,957","29,197","29,318","28,837","1.64M","-1.23%"
"Sep 14, 2018","29,318","29,318","29,510","29,221","1.05M","0.41%"
"Sep 13, 2018","29,197","29,077","29,558","29,029","2.65M","0.50%"
"Sep 12, 2018","29,053","29,077","29,390","29,029","2.80M","0.33%"
"Sep 11, 2018","28,957","28,404","28,957","28,212","2.75M","2.64%"
"Sep 10, 2018","28,212","28,188","28,452","28,116","1.46M","0.09%"
"Sep 07, 2018","28,188","27,900","28,332","27,900","1.14M","0.77%"
"Sep 06, 2018","27,972","28,212","28,284","27,948","2.14M","0.09%"
"Sep 05, 2018","27,948","28,452","28,597","27,876","3.00M","-1.77%"
"Sep 04, 2018","28,452","28,837","29,053","28,452","2.80M","-1.34%"
"Aug 31, 2018","28,837","29,726","29,726","28,837","2.89M","-2.44%"
"Aug 30, 2018","29,558","29,390","29,654","29,318","1.84M","0.57%"
"Aug 29, 2018","29,390","29,558","29,678","29,342","964.12K","-0.57%"
"Aug 28, 2018","29,558","29,798","29,798","29,390","2.52M","-0.32%"
"Aug 27, 2018","29,654","29,149","29,822","29,029","2.84M","1.98%"